Molecule ChEMBL ID,smiles,label,InChIKey,InChIKey_14
CHEMBL3449910,Cc1ccc2cc(CNCCCN3CCOCC3)c(=O)[nH]c2c1C,0,OUXIYNIACYHAQE-UHFFFAOYSA-N,OUXIYNIACYHAQE
CHEMBL3437985,Cc1ccc(C)c(-n2ncc(C(=O)NCC3COC(C)(C)O3)c2N)c1,0,PPGRHQYRZPWTBN-UHFFFAOYSA-N,PPGRHQYRZPWTBN
166633222,CNC(=O)C1=C(OC2=C1C(=C(C=C2)O)CN3CCC3)C4=CC=C(C=C4)O,1,SWIQZPLHNDMRJW-UHFFFAOYSA-N,SWIQZPLHNDMRJW
CHEMBL5074163,Oc1ccc(-c2cc3c(CN4CCC5(COC5)C4)c(O)ccc3o2)cc1,1,QVXCPPOPYYJCBN-UHFFFAOYSA-N,QVXCPPOPYYJCBN
72135528,CCOCC1CCCN(C1)C(=O)NCC2=CC=C(C=C2)C3=CC=NN3,0,JGPKYAAXCKOJMB-UHFFFAOYSA-N,JGPKYAAXCKOJMB
CHEMBL1486085,CCC1(CC)Cc2ccccc2-c2nc(NCCCO)[nH]c(=O)c21,1,BUZHKGXZGKMOHM-UHFFFAOYSA-N,BUZHKGXZGKMOHM
CHEMBL3478332,COc1cccc(N2CCN(C(=O)C(O)c3ccccc3Cl)CC2=O)c1,0,MXDTVQXITVJRJS-UHFFFAOYSA-N,MXDTVQXITVJRJS
CHEMBL3436864,COc1ccc2nc(C[C@@H]3C[C@@H](C(C)C)[C@H](CN)C=C3C)[nH]c2n1,0,YORQCXBULZYMJS-KKUMJFAQSA-N,YORQCXBULZYMJS
CHEMBL3458858,O=C(c1ccccc1)C1CCN(c2cncc(-n3cccn3)n2)CC1,1,PLPCFAVMTBEXIQ-UHFFFAOYSA-N,PLPCFAVMTBEXIQ
CHEMBL5401220,COc1ccc(-c2noc(C(=O)NCCN3CCOCC3)n2)cc1OC,1,FZOJYNMVMKRVRR-UHFFFAOYSA-N,FZOJYNMVMKRVRR
CHEMBL3496661,CC(NC(=O)CN(C)S(C)(=O)=O)c1nnc2n1CCCCC2,0,YTVSRHLXTCQRDS-UHFFFAOYSA-N,YTVSRHLXTCQRDS
45874106,CCOC(=O)N1CCN(CC1)C(=O)C2CC(=O)N(C2)C3=CC=CC=C3Br,1,CJKJTFOGPFWJNZ-UHFFFAOYSA-N,CJKJTFOGPFWJNZ
172461895,COC1=C(C=C(C=C1)C2=NOC(=N2)C(=O)NCCC3=CN=C(C=C3)C(=O)N4CCC4)OC,1,RXGAIMQDSNVYKD-UHFFFAOYSA-N,RXGAIMQDSNVYKD
172460143,COC1=C(C=C(C=C1)C2=NOC(=N2)CNCCC3=CC=CC=C3)OC,1,OZOPTPDWWOWSCZ-UHFFFAOYSA-N,OZOPTPDWWOWSCZ
CHEMBL3463429,N#Cc1c(N2CCCN(C3CCOCC3)CC2)nc2ccccn12,0,NOUDVOZVOBFDLN-UHFFFAOYSA-N,NOUDVOZVOBFDLN
166634503,CC1=C(C=CC(=C1)O)C2=C(C3=C(O2)C=CC(=C3CN4CCC5(C4)COC5)O)C(=O)NC,1,UHKCWMQSSBPCPJ-UHFFFAOYSA-N,UHKCWMQSSBPCPJ
CHEMBL3472055,COc1ccc2[nH]cc(-c3ccnc(N4CCC(C)CC4)n3)c2c1,1,DRGDZJHLSXNYCX-UHFFFAOYSA-N,DRGDZJHLSXNYCX
CHEMBL5069637,CNC(=O)c1c(-c2ccc(O)c(F)c2)oc2ccc(O)c(CN3CCC4(COC4)C3)c12,1,CLGYBKWKICSQGN-UHFFFAOYSA-N,CLGYBKWKICSQGN
172443454,COC1CN(C1)C(=O)C2=CC=C(C=C2)CCNC(=O)C3=NC(=NO3)C4=CC(=C(C=C4)OC)OCC5(CC5)O,1,KLYBBWWWOXXRGS-UHFFFAOYSA-N,KLYBBWWWOXXRGS
CHEMBL3457510,O=C(c1ccc(-n2ccnc2)cc1)N1CCN(c2cnccn2)CC1,0,VDCCENAKZAYFMO-UHFFFAOYSA-N,VDCCENAKZAYFMO
71872776,CCC1=NC(=NN1)C2CN(CCO2)C(=O)C3=C4C=CC=CN4C(=N3)C,1,INCIQHAPWOQJLQ-UHFFFAOYSA-N,INCIQHAPWOQJLQ
166633816,CNC(=O)C1=C(OC2=C1C(=C(C=C2)O)CN3CCC4(C3)COC4)C5=NC=C(C=C5)O,1,YZFWRYXYQLVQAJ-UHFFFAOYSA-N,YZFWRYXYQLVQAJ
CHEMBL5412505,COc1ccc(CCN(C)C(=O)c2nc(-c3ccc(OC)c(OC)c3)no2)cc1OC,1,KRGAQRHQIRUDBN-UHFFFAOYSA-N,KRGAQRHQIRUDBN
CHEMBL5079632,CNC(=O)c1c(-c2ccc(O)cc2)oc2ccc(O)c(CN3CCC4(COC4)C3)c12,1,VXMQXQJRVCOGAY-UHFFFAOYSA-N,VXMQXQJRVCOGAY
46964689,CC1=CC(=C2C=C(C3=NN(C(=O)N3C2=C1)C)CNCC4=CN=CC=C4)C,1,XZJIZBFJULHMNC-UHFFFAOYSA-N,XZJIZBFJULHMNC
71872694,CC(C)C1=NC(=NO1)CN(C)C2CCN(C2)CCNS(=O)(=O)C,0,QEDWIIHBGYYXMF-UHFFFAOYSA-N,QEDWIIHBGYYXMF
CHEMBL3450647,Cn1nc(C2CCCN2)c2c(C(=O)NCC(F)(F)F)cc(C3CC3)nc21,0,QBYAIKAHQCIFAM-UHFFFAOYSA-N,QBYAIKAHQCIFAM
CHEMBL5406022,COc1ccc(-c2nc(C(=O)NCCc3ccccc3)no2)cc1OC,1,NERQZRIWIUCXLX-UHFFFAOYSA-N,NERQZRIWIUCXLX
CHEMBL5398358,COc1ccc(-c2noc(C(=O)NC(C#N)Cc3ccc(C(=O)N4CC(OC)C4)cc3)n2)cc1OCC1(O)CC1,1,BCOWWDNOGLQOIT-UHFFFAOYSA-N,BCOWWDNOGLQOIT
CHEMBL3503923,CCOCCN1Cc2ncn(C)c2C(COCC2CCOCC2)C1.O=C(O)C(F)(F)F.O=C(O)C(F)(F)F,0,JVGCRVNXXBBVOZ-UHFFFAOYSA-N,JVGCRVNXXBBVOZ
CHEMBL3496629,Cc1ccc(-c2ncc(C(=O)NCCNc3ncccn3)s2)c(C)c1,1,CPTHDTXYBOFTAB-UHFFFAOYSA-N,CPTHDTXYBOFTAB
56717948,C1=CC=C(C(=C1)C(=O)N)N2C=C(C=N2)C3=CC(=CC=C3)C(=O)O,0,FBFABQRWEXYGHK-UHFFFAOYSA-N,FBFABQRWEXYGHK
172469871,COC1=C(C=C(C=C1)C2=NOC(=N2)C(=O)NCCC3=CC=C(C=C3)C(=O)N4CCC4)F,1,MJZFDUXMJAMGOO-UHFFFAOYSA-N,MJZFDUXMJAMGOO
CHEMBL3439873,O=C(Nc1cnc(N2CCOCC2)nc1)c1ccc(C(F)(F)F)cc1,1,SIKACYHGOVLIMN-UHFFFAOYSA-N,SIKACYHGOVLIMN
46986006,CCCOC1=C(C=C(C=C1)Cl)CNC2=C3C(=NC=N2)OC(=N3)C,1,CRIJVTQXERTGRG-UHFFFAOYSA-N,CRIJVTQXERTGRG
56755220,C1CN(CCC1(CCCC2=CC=CC=C2)CO)C3=CC=CC(=N3)C#N,1,FCODHYPZDINLOC-UHFFFAOYSA-N,FCODHYPZDINLOC
CHEMBL3437693,CCOC(=O)CNC(=O)NCc1cc(C)n(-c2ccccc2OC)c1C,0,AXDCKMQGRUVMNY-UHFFFAOYSA-N,AXDCKMQGRUVMNY
166632878,CNC(=O)C1=C(OC2=C1C(=C(C=C2)O)CN3CCCC(C3)(F)F)C4=CC=C(C=C4)O,1,MBGINKNHKGXQNY-UHFFFAOYSA-N,MBGINKNHKGXQNY
CHEMBL3456945,O=C(OCC1CCN(c2ccccc2)C1)c1cscn1,1,ZIIXMXHPSQNALO-UHFFFAOYSA-N,ZIIXMXHPSQNALO
45220753,CCC(C)NC1=NC=C(C=C1)C2=NC(=NO2)C3=C(C(=CC=C3)OC)OC,1,POAMFRRWMUVUJP-UHFFFAOYSA-N,POAMFRRWMUVUJP
CHEMBL3495896,CN(C)c1ccc(C(=O)N2CCN(C(=O)N3CCCCC3)CC2)nn1,0,GDIUDHMFVOFXJO-UHFFFAOYSA-N,GDIUDHMFVOFXJO
172445582,COC1=C(C=C(C=C1)C2=CC(=CC=C2)C(=O)NCCC3=CC=CC=C3)OC,1,ZKGQZXUDHXQQFW-UHFFFAOYSA-N,ZKGQZXUDHXQQFW
CHEMBL3484966,COc1cccc(-c2cc(NCC(=O)O)nc3[nH]ccc23)n1,1,QYSRURGUPWDCQI-UHFFFAOYSA-N,QYSRURGUPWDCQI
66509905,CC(=O)N1CCCC1C2=NC=C(C=C2)Br,0,TUYFQBZSYSTZEE-UHFFFAOYSA-N,TUYFQBZSYSTZEE
95828309,COCC(=O)N1CCC(CC1)C2=NC3=NC=CN3C(=C2)C(F)(F)F,1,ROWVNRHORFCMPE-UHFFFAOYSA-N,ROWVNRHORFCMPE
CHEMBL5400856,COc1ccc(-c2noc(C(=O)NC(C#N)Cc3ccc(C(=O)N4CCC4)cc3)n2)cc1OC,1,SMNJIXFCHIEXRX-UHFFFAOYSA-N,SMNJIXFCHIEXRX
166628545,CC(=O)C1=C(OC2=C1C(=C(C=C2)O)CN3CCCC3)C4=NC=C(C=C4)O,1,QPAVKZPMZMIFLQ-UHFFFAOYSA-N,QPAVKZPMZMIFLQ
29182925,CN1C(=CC=N1)C2=NC(=NC=C2OC)N3CC(C3)N4CCOCC4,1,XEMLBWBODHKSFX-UHFFFAOYSA-N,XEMLBWBODHKSFX
CHEMBL3442632,CNC(=O)c1cc2c(nc1NCC1CC1)CCNCC2,1,ABMQONRUQWYBOQ-UHFFFAOYSA-N,ABMQONRUQWYBOQ
166629054,CC(=O)C1=C(OC2=C1C(=C(C=C2)O)CN3CCC4(C3)COC4)C5=CC=C(C=C5)O,1,QLHZJCBKHPMFBJ-UHFFFAOYSA-N,QLHZJCBKHPMFBJ
CHEMBL3484354,CSCc1ccc(N2CCC(C(O)Cc3ccccc3)CC2)nc1,0,OUXGEPCBVSCIBC-UHFFFAOYSA-N,OUXGEPCBVSCIBC
172457183,COC1=C(C=C(C=C1)C2=NOC(=N2)C(=O)NCCC3=CC=C(C=C3)C(=O)N4CC(C4)F)OC,1,RRHKDPDPFHKHDT-UHFFFAOYSA-N,RRHKDPDPFHKHDT
CHEMBL5416092,COc1cccc(-c2noc(C(=O)NCCc3ccc(C(=O)N4CCC4)cc3)n2)c1,1,OROHFNPSVYBSHZ-UHFFFAOYSA-N,OROHFNPSVYBSHZ
CHEMBL3501871,CC(C)OCc1ncn2c1CN(Cc1nccs1)CCC2.O=C(O)C(F)(F)F,0,HSHQDTRGIVDTBN-UHFFFAOYSA-N,HSHQDTRGIVDTBN
1508946,COC1=C(C=C(C=C1)CCNC(=O)C2=NC(=NO2)C3=CC(=C(C=C3)OC)OC)OC,1,GVKZOYXTOVFRQE-UHFFFAOYSA-N,GVKZOYXTOVFRQE
CHEMBL5414248,COc1ccc(-c2noc(C(=O)NCCc3ccc(C(=O)N4CC(F)(F)C4)cc3)n2)cc1OC,1,WLQNSAYGNDPJJR-UHFFFAOYSA-N,WLQNSAYGNDPJJR
118742850,CC1=CN=C(N=C1)N2CCC3(CC2)CCN(C3)CC4=CC(=CC=C4)OC.C(=O)(C(F)(F)F)O,0,NMDSZBLOLZZBIT-UHFFFAOYSA-N,NMDSZBLOLZZBIT
CHEMBL3496417,CC(O)CN1CCC(CNCc2c[nH]nc2C(C)(C)C)CC1,0,LGQCZFSIVRECHP-UHFFFAOYSA-N,LGQCZFSIVRECHP
17023527,C1C=NN(C1(C(F)(F)F)O)C(=O)C2=CC=C(O2)COC3=CC=C(C=C3)Cl,1,XQMXTWJLKIXGCK-UHFFFAOYSA-N,XQMXTWJLKIXGCK
CHEMBL5084231,CC(=O)c1c(-c2ccc(O)cn2)oc2ccc(O)c(CN3CCC4(COC4)C3)c12,1,GCEZJFQSHKFMSA-UHFFFAOYSA-N,GCEZJFQSHKFMSA
CHEMBL3477040,CCC[C@H]1CN(S(C)(=O)=O)C[C@@H]1NC(=O)c1ccc(COC)cc1,0,XMQXZSVKDDEDST-HOTGVXAUSA-N,XMQXZSVKDDEDST
53509041,CC1=CC(=CC=C1)C2=CC=C(C(=O)N2)C(=O)NCC(C)(C)C(=O)N,1,UPKXTEQSGDANEN-UHFFFAOYSA-N,UPKXTEQSGDANEN
118742996,CC1=NC=C(C=C1)NC(=O)C2=NC3=C(S2)CCCN3C(=O)C4CC4.C(=O)(C(F)(F)F)O,0,MVLCEGWRRCIMMN-UHFFFAOYSA-N,MVLCEGWRRCIMMN
118741235,CN(C)C1=NC=CC(=N1)C2=CNNC2=O,0,SGBHVZQSXDRVOD-UHFFFAOYSA-N,SGBHVZQSXDRVOD
118741417,CS(=O)(=O)NCC1=CC(=NC(=N1)N2CC[C@@H](C2)O)C3=CC(=CC(=C3)F)F,0,KNYVYBRWDFNDTL-AWEZNQCLSA-N,KNYVYBRWDFNDTL
97236784,CN1CCC2=C(C1=O)C=C(C=C2)NCC3=CC=CS3,0,XRIQYHPUZAHBGF-UHFFFAOYSA-N,XRIQYHPUZAHBGF
CHEMBL5420318,COc1ccc(CCNC(=O)c2nc(-c3ccc(OC)c(OC)c3)no2)cc1,1,ZXKLQSPJUTVUGN-UHFFFAOYSA-N,ZXKLQSPJUTVUGN
97519490,C1CCC(C1)NC(=O)N2CCCN3C=NC(=C3C2)CN4CCCC4=O,0,BFMQWCNIYWSDBI-UHFFFAOYSA-N,BFMQWCNIYWSDBI
CHEMBL3449959,Cc1cc(C)c2cc(CNC(C)C)c3nn(C)c(=O)n3c2c1,1,ZUOTWCCWXCXZKH-UHFFFAOYSA-N,ZUOTWCCWXCXZKH
92417512,CC1=NN(C=C1C2=NS(=O)(=O)N(C(=C2)C(=O)NC3=CC=C(C=C3)Br)C)C,1,HCMDGUMWLQYPCQ-UHFFFAOYSA-N,HCMDGUMWLQYPCQ
CHEMBL3436587,Cc1nc2c(Nc3cccc(C#N)c3)nc(N)nc2n1C,0,RAHTVZVYAAKMEM-UHFFFAOYSA-N,RAHTVZVYAAKMEM
CHEMBL3460053,CC1(NC(=O)Cc2csc(NC(=O)c3ccccc3)n2)CCS(=O)(=O)C1,0,JHAGFHULMATYNM-UHFFFAOYSA-N,JHAGFHULMATYNM
CHEMBL3436894,CN(C)c1ccc(-c2nnc([C@H]3CCN(C4CCCCC4)C3)o2)cc1,0,GQOLTPTZDMIVDF-INIZCTEOSA-N,GQOLTPTZDMIVDF
84600658,CC1=NC(=CC=C1)OC2CCN(CC2)C3=NC=CN=C3C#N,1,FGVVUJGZAVUTSN-UHFFFAOYSA-N,FGVVUJGZAVUTSN
CHEMBL3447153,CC(C)NC(=O)[C@@H]1CN(C(=O)C2CC2)C[C@]12Cc1ccccc1C(=O)N2,0,KXHGCZLDIGVDCH-OXJNMPFZSA-N,KXHGCZLDIGVDCH
118742014,C1CC1C(=O)N2CCC3=CC=CC=C3C24CCNCC4.Cl,0,YALHFMWXFZTXOY-UHFFFAOYSA-N,YALHFMWXFZTXOY
CHEMBL5091803,O=C(c1c(-c2ccc(O)cc2)oc2ccc(O)c(CN3CCC4(COC4)C3)c12)N1CC(F)C1,1,UTWRXAMAYAVUFN-UHFFFAOYSA-N,UTWRXAMAYAVUFN
56754014,CCN1C=C(C=C1C#N)C2=CC(=NC(=C2C#N)N)C3=CN(C=C3)C,1,PLPAZELUFOFRTM-UHFFFAOYSA-N,PLPAZELUFOFRTM
166631238,CNC(=O)C1=C(OC2=C1C(=C(C=C2)O)CN3CCC4(C3)COC4)C5=C(C=C(C=C5)O)F,1,BTOAYMJQHLHUNC-UHFFFAOYSA-N,BTOAYMJQHLHUNC
CHEMBL3496622,CC(NC(=O)Nc1cccnc1N1CCCC1)c1nncn1C,0,HYCGRGHVMDJPAJ-UHFFFAOYSA-N,HYCGRGHVMDJPAJ
47054011,CCOCCOCC1=CC=CC(=C1)CNC2=CN=CC(=N2)N3C=CC=N3,1,OILVPXRGQHPGKS-UHFFFAOYSA-N,OILVPXRGQHPGKS
CHEMBL3436863,Cc1ccc2[nH]c(CO[C@H]3CN(c4ccc(C#N)cn4)C[C@H]3F)nc2c1,1,NVTRMAMBWJAXLX-PBHICJAKSA-N,NVTRMAMBWJAXLX
95790888,CCOCCCNC(=O)C1=CN(C2=C1C=CC=N2)C(C)(C)C,0,YSYBKOXYJJMPCW-UHFFFAOYSA-N,YSYBKOXYJJMPCW
8593728,CCC(CC)C(=O)N1C=CN(C1=O)S(=O)(=O)C2=CC=C(C=C2)C,1,RKSHTXYGCQGHHS-UHFFFAOYSA-N,RKSHTXYGCQGHHS
CHEMBL3477630,COc1cccc(-c2noc(-c3ccc(NCC(C)C)nc3)n2)c1OC,1,LHFDZJNLJHTDIN-UHFFFAOYSA-N,LHFDZJNLJHTDIN
CHEMBL3438735,Cc1cc2c(N)nc(=O)n(CC(=O)Nc3ccccc3)c2s1,0,UVRSAZTYDIJKLO-UHFFFAOYSA-N,UVRSAZTYDIJKLO
53603947,CC1=CN(N=C1)CC(C)NCC(=O)NCCOC2=CC=CC=C2,0,FLTNHFAUXTUBMA-UHFFFAOYSA-N,FLTNHFAUXTUBMA
CHEMBL3458639,CCCNC(=O)CCNc1cncc(-n2nc(C)cc2C)n1,1,NABDNMVBWDLVPS-UHFFFAOYSA-N,NABDNMVBWDLVPS
CHEMBL3487779,COCc1ccc(CNc2cncc(-n3cccn3)n2)cc1,1,YJKUAVDGQQEQHI-UHFFFAOYSA-N,YJKUAVDGQQEQHI
3505506,C1=CC(=CC=C1NC(=O)CSC2=C(C=C(C(=N2)N)C#N)C#N)F,1,MQRXUZWWWNYINL-UHFFFAOYSA-N,MQRXUZWWWNYINL
75460884,CN1C=CC(=CC1=O)C(=O)NCC2=CC(=CC=C2)CN3CCCC3,0,BJDRZKJHEMUZOH-UHFFFAOYSA-N,BJDRZKJHEMUZOH
CHEMBL3452435,Cc1noc(CNc2ccc(CC(=O)N3CCSCC3)cc2)n1,0,DMFVGYNRTMBWOA-UHFFFAOYSA-N,DMFVGYNRTMBWOA
95836066,CCC1=NN=C(S1)NC2=CC=CC(=N2)C3CCN(CC3)C(=O)C,0,ZXIDBPXDKYRZBJ-UHFFFAOYSA-N,ZXIDBPXDKYRZBJ
CHEMBL3496038,CCc1nc(C2CCCN2C(=O)c2nc(C)n3ccccc23)no1,1,QPUPVIBRCMFHRA-UHFFFAOYSA-N,QPUPVIBRCMFHRA
CHEMBL3445398,CCOc1cc(C(=O)n2cc(C)cn2)cc(OCC)c1OCC,1,XOYTZZKQXPOGRB-UHFFFAOYSA-N,XOYTZZKQXPOGRB
16675984,CC(C)(C)C(=O)N1CCC(CC1)N2C(=O)C=CC(=N2)C3=CC=CO3,0,LIIOBSDVYIRHSF-UHFFFAOYSA-N,LIIOBSDVYIRHSF
71999529,CS(=O)(=O)CCCSC1=NNC(=N1)C2=CC3=C(CCC3)C=C2,1,HIYSVHWFPFNZCD-UHFFFAOYSA-N,HIYSVHWFPFNZCD
CHEMBL3459581,Cc1cc(S(=O)(=O)Nc2cccc(OC(F)F)c2)sc1C(=O)O,1,CXPPOLTYTHKTLC-UHFFFAOYSA-N,CXPPOLTYTHKTLC
CHEMBL3449203,Cn1nccc1CCC(=O)N1CCCC(c2cnccn2)C1,0,OJFJMTIJAXCGJP-UHFFFAOYSA-N,OJFJMTIJAXCGJP
38303916,CC1=NC=C(C=C1)C(=O)N(C)CC2=NOC(=C2)C,0,MQCYZYRXJPZRBF-UHFFFAOYSA-N,MQCYZYRXJPZRBF
CHEMBL3492007,COCc1nc(C(=O)N2CCCC2c2ccc(OC)cc2)cs1,0,LKZMCCYZWAQAHT-UHFFFAOYSA-N,LKZMCCYZWAQAHT
95848665,CC1(CCN(CC1)C2=NC=CC=N2)C3=C(C=NN3)C(=O)N(C)C,0,FTOYQBRAKWEEKZ-UHFFFAOYSA-N,FTOYQBRAKWEEKZ
CHEMBL3500568,CNC(=O)c1cc2c(nc1NCC(C)C)CCN(c1ccncn1)CC2.O=C(O)C(F)(F)F,1,OZTQAIWIPGHHTJ-UHFFFAOYSA-N,OZTQAIWIPGHHTJ
CHEMBL3455786,NC(=O)c1cc(C2CC2)nc2ccc(F)cc12,0,MXYMNYMEEVIJPH-UHFFFAOYSA-N,MXYMNYMEEVIJPH
CHEMBL3487058,CC(C)c1cc(CN2CCC(CC(=O)O)CC2)no1,1,BJJNVYBAGWWOAY-UHFFFAOYSA-N,BJJNVYBAGWWOAY
CHEMBL3455134,CCC(CNC(=O)COC)Oc1cccc(F)c1,0,NPIAWJAMHUTUQG-UHFFFAOYSA-N,NPIAWJAMHUTUQG
172440966,CC(C)(CNC(=O)C1=NC(=NO1)C2=CC(=C(C=C2)OC)OC)C3=CC=CC=C3,1,QLAJTJJYMOBKLR-UHFFFAOYSA-N,QLAJTJJYMOBKLR
135645526,COC1=CC=C(C=C1)C2=C3C(=O)NC(=NC3=NC=C2)N4CCCCC4,1,PAFRKYDLWJKTNI-UHFFFAOYSA-N,PAFRKYDLWJKTNI
97507505,COCCN1C[C@@H]2CN(C[C@@H]2C1=O)C3=NC=CC=N3,0,PYGHAAJDZNUSEJ-MNOVXSKESA-N,PYGHAAJDZNUSEJ
166633785,CNC(=O)C1=C(OC2=C1C(=C(C=C2)O)CN3CCC4(C3)COC4)C5=CC=C(C=C5)OC,1,GPAHDXKBAQEUEW-UHFFFAOYSA-N,GPAHDXKBAQEUEW
CHEMBL3451430,Cc1c(C(=O)N2CCOCC2)nnn1-c1ccc2ncccc2c1,0,CHVKTVJDKFWVCA-UHFFFAOYSA-N,CHVKTVJDKFWVCA
CHEMBL3457507,O=C(c1ccc(-n2cc(Br)cn2)cc1)N1CCN(c2cnccn2)CC1,1,OISBKXZTQBFZBX-UHFFFAOYSA-N,OISBKXZTQBFZBX
CHEMBL3458643,Cc1cc(C)n(-c2cncc(NCCNS(C)(=O)=O)n2)n1,1,ZNCILKYPXLTHCJ-UHFFFAOYSA-N,ZNCILKYPXLTHCJ
CHEMBL2097985,COc1ccc(CCNC(=O)c2cc(-c3ccc(OC)c(OC)c3)on2)cc1OC,1,FTQHHRBAPAHGKK-UHFFFAOYSA-N,FTQHHRBAPAHGKK
CHEMBL3472154,CC(C)(C)Nc1nc(-c2cccnc2)c(-c2ccnc(NCCO)n2)s1,0,KAHRETFYWQYZGI-UHFFFAOYSA-N,KAHRETFYWQYZGI
122644519,CNC(=O)C1=C(OC2=C1C(=C(C=C2)O)CN3CCCCC3)C4=CC=C(C=C4)O,1,PQGCMFVNJWTUFH-UHFFFAOYSA-N,PQGCMFVNJWTUFH
CHEMBL3475529,CS(=O)(=O)c1ccc(-c2cc(C3CC3)c(C#N)c(N)n2)cc1,1,QFKLCRZQRDGMPW-UHFFFAOYSA-N,QFKLCRZQRDGMPW
CHEMBL3503260,CC(C)Nc1nc2c(cc1C(=O)NCC1CC1)CCN(CC1CC1)CC2.O=C(O)C(F)(F)F.O=C(O)C(F)(F)F,1,FPDLABUABGUNET-UHFFFAOYSA-N,FPDLABUABGUNET
CHEMBL3481198,CCN1CCC(N[C@@H]2CC[C@@H]2NC(=O)Cc2csc(C)n2)CC1,0,YIDJQFPBFDJETE-CVEARBPZSA-N,YIDJQFPBFDJETE
56914759,COCCNC1=NC2=C(CCNCC2)C(=N1)NCC3CCOC3,0,DZMJWZULTAVQRH-UHFFFAOYSA-N,DZMJWZULTAVQRH
CHEMBL5396304,CNC(=O)c1ccc(CCNC(=O)c2nc(-c3ccc(OC)c(OC)c3)no2)cc1,1,RTFMTBLTSJNYKB-UHFFFAOYSA-N,RTFMTBLTSJNYKB
CHEMBL5399451,COc1ccc(CCC(=O)Nc2cc(-c3ccc(OC)c(OC)c3)on2)cc1OC,1,YFUUQHSDFMLKMC-UHFFFAOYSA-N,YFUUQHSDFMLKMC
CHEMBL5405416,COc1ccc(-c2noc(C(=O)NCCc3ccc(C(=O)N4CC(OC)C4)cc3)n2)cc1OC1CC1,1,RCPYBHAWEGHWFZ-UHFFFAOYSA-N,RCPYBHAWEGHWFZ
172464587,COC1CN(C1)C(=O)C2=CC=C(C=C2)CCNC(=O)C3=NN=C(O3)C4=CC(=C(C=C4)OC)OC,1,PSWUINCEFNVWFR-UHFFFAOYSA-N,PSWUINCEFNVWFR
53335693,CCC1=CC=C(C=C1)C(CN2CCN(CC2)C3=CC(=CC=C3)OC)O,1,SNPOFWGOVJLEGW-UHFFFAOYSA-N,SNPOFWGOVJLEGW
CHEMBL5432543,O=C(NCCc1ccc(C(=O)N2CCC2)cc1)c1nc(-c2ccc3cn[nH]c3c2)no1,1,BMBIWJBMKJGWGD-UHFFFAOYSA-N,BMBIWJBMKJGWGD
97423222,CC1=NC(=NC=C1)OC[C@@]23CN(C[C@@H]2COC3)C(=O)C4=NC=CC=N4,0,PWOWVMWOHLKHFQ-DYVFJYSZSA-N,PWOWVMWOHLKHFQ
CHEMBL5090267,CNC(=O)c1c(-c2ccc3[nH]ccc3c2)oc2ccc(O)c(CN3CCC4(COC4)C3)c12,1,SHCHRPWMUVPTLX-UHFFFAOYSA-N,SHCHRPWMUVPTLX
CHEMBL3498020,Cl.O=C1CC(NCc2cnc(N3CCCC3)nc2)CN1c1ccccc1,0,CNCDTPVVHDKFRG-UHFFFAOYSA-N,CNCDTPVVHDKFRG
CHEMBL5077530,CC(=O)c1c(-c2ccc(O)cn2)oc2ccc(O)c(CN3CCC3)c12,1,GLRQFGYXMZJXAU-UHFFFAOYSA-N,GLRQFGYXMZJXAU
CHEMBL5414161,COc1ccc(-c2coc(C(=O)NCCc3ccccc3)c2)cc1OC,1,OAOMTCIYZOZPIE-UHFFFAOYSA-N,OAOMTCIYZOZPIE
CHEMBL5416260,COc1ccc(-c2noc(C(=O)NC(C#N)Cc3ccc(C(=O)N4CC(OC)C4)cc3)n2)cc1OC,1,HSDGASMRFYLBJY-UHFFFAOYSA-N,HSDGASMRFYLBJY
CHEMBL3461188,CN(C)C(=O)c1cnc(-c2ccc3c(c2)OCO3)s1,1,BYRRACZGCBKYIP-UHFFFAOYSA-N,BYRRACZGCBKYIP
CHEMBL3443152,CCn1c(SCC(=O)N2CCCC2)nc2cc(C)[nH]c2c1=O,0,QLTDPBVSXNVDNC-UHFFFAOYSA-N,QLTDPBVSXNVDNC
CHEMBL3446333,CCN(CC)C(=O)c1nnc2ccc(N3CCOCC3)cc2n1,1,BWDGLHVMVNZBDH-UHFFFAOYSA-N,BWDGLHVMVNZBDH
CHEMBL3459297,CCC(=O)NCC(=O)NCC(C)(C)c1cccc(Br)c1,0,ISRPYTZHGWCJFA-UHFFFAOYSA-N,ISRPYTZHGWCJFA
56720475,CN(CCO)CC1=CC2=C(C=C(C=C2)SC)NC1=O,1,SQAWIHVONTTXJV-UHFFFAOYSA-N,SQAWIHVONTTXJV
169410440,COC1=C(C=C(C=C1)C2=NOC(=N2)C(=O)NCCC3=CC=C(C=C3)C(=O)N4CCC4)OC,1,GCZJCDQGYPXFCY-UHFFFAOYSA-N,GCZJCDQGYPXFCY
CHEMBL1420023,CC1(C)Cc2ccccc2-c2nc(NCCCO)[nH]c(=O)c21,1,WQBGVGJEACUHBT-UHFFFAOYSA-N,WQBGVGJEACUHBT
127021452,CN1C=CN=C1C(=O)N2C[C@@H]3CCN(C[C@@H]3C2)C4=NC=CN=C4.C(=O)(C(F)(F)F)O,0,HTZZCWMOOQYELP-JHEYCYPBSA-N,HTZZCWMOOQYELP
CHEMBL3501895,CN(C)c1ncnc2c1CCN(C(=O)c1cccnc1)CC2.O=C(O)C(F)(F)F,0,TUJPDHISTSUTQV-UHFFFAOYSA-N,TUJPDHISTSUTQV
71995891,C1CN(CC1CSC2=CC=CC=C2)C3=NC=CN=C3C#N,1,CKPUSQCJZMTSBK-UHFFFAOYSA-N,CKPUSQCJZMTSBK
CHEMBL5092632,CNC(=O)c1c(-c2ccc(O)cc2)oc2ccc(O)c(CN3CC4(COC4)C3)c12,1,PSZRYKCNJHCNKN-UHFFFAOYSA-N,PSZRYKCNJHCNKN
92443651,CC1=NOC(=C1)C2=C(N(N=C2)CCNC(=O)C3=C(N=NS3)C)C4CC4,0,UXGDHNIEBHXKBI-UHFFFAOYSA-N,UXGDHNIEBHXKBI
135630026,C1CCC(C1)NC2=NC3=NC=CC(=C3C(=O)N2)C4=CC=CS4,1,UWXDRMMFAMAEJD-UHFFFAOYSA-N,UWXDRMMFAMAEJD
CHEMBL3483474,O=C(c1cnccn1)N1C[C@@H]2CC[C@H](C1)N(S(=O)(=O)c1cccnc1)C2,0,QDZOFMRAVJLBNG-UONOGXRCSA-N,QDZOFMRAVJLBNG
136051763,CCN(CC1=NC2=C(C=NN2C)C(=O)N1)C3=CC=CC=C3,0,BAXSIOUMKLLDMK-UHFFFAOYSA-N,BAXSIOUMKLLDMK
166629445,CNC(=O)C1=C(OC2=C1C(=C(C=C2)O)CN3CCC[C@H](C3)O)C4=CC=C(C=C4)O,1,JRKBNMGETNJDDF-OAHLLOKOSA-N,JRKBNMGETNJDDF
72140429,CC(C1=CSC2=CC=CC=C21)NC(=O)N3CCC(CC3)CO,0,WDYJKYKFJCCMLE-UHFFFAOYSA-N,WDYJKYKFJCCMLE
45824515,CN1C=CC(=CC1=O)C(=O)NC2CCN(CC2)C3=NC=CC=N3,0,AXCKPXLSMCPAQC-UHFFFAOYSA-N,AXCKPXLSMCPAQC
CHEMBL5440049,COc1cccc(CCNC(=O)c2nc(-c3ccc(OC)c(OC)c3)no2)c1,1,QQQSERQCCRBPFK-UHFFFAOYSA-N,QQQSERQCCRBPFK
CHEMBL5440021,COc1ccc(-c2noc(C(=O)NC(C#N)Cc3ccc(C(=O)N4CC5(COC5)C4)cc3)n2)cc1OC,1,ODHZSXUYALGJKC-UHFFFAOYSA-N,ODHZSXUYALGJKC
51087747,CC(C)(C(=O)OC)NC(=O)C1=CC2=C(S1)N=C(S2)N(C)C,1,RSCOACROLRURDJ-UHFFFAOYSA-N,RSCOACROLRURDJ
CHEMBL3452411,CCc1ncc2c(n1)CN(CC1CCCCO1)CC2,0,IZCHXZDAEAUGLZ-UHFFFAOYSA-N,IZCHXZDAEAUGLZ
CHEMBL3448919,Cc1cc(C2CCCCN2C(=O)c2ccsc2)nc2nccn12,0,VQDQYTOCYLXRGO-UHFFFAOYSA-N,VQDQYTOCYLXRGO
CHEMBL3479121,Nc1cc(C(=O)NCC2CCN(Cc3ccncc3F)C2)ccn1,0,VVOKWPYLKPTTFH-UHFFFAOYSA-N,VVOKWPYLKPTTFH
CHEMBL3457420,Cn1c(NCC(=O)N2CCCC2)c(C#N)c(=O)n(C)c1=O,0,WVIISZRRPYOEGN-UHFFFAOYSA-N,WVIISZRRPYOEGN
CHEMBL3489206,c1ccc2oc(CCCN3CCCCC3Cn3cncn3)nc2c1,0,MAWGNLJYBFVIMK-UHFFFAOYSA-N,MAWGNLJYBFVIMK
CHEMBL3453250,Cc1ccc(C(=O)N2CCN(c3ncnc4nc(N)ccc34)CC2)o1,0,LEDZRMUNAWQSDQ-UHFFFAOYSA-N,LEDZRMUNAWQSDQ
CHEMBL3475781,N#Cc1cccc(N2CCCC(CO)(CCOc3ccccc3)C2)n1,1,UWZVEBZJTPVGJM-UHFFFAOYSA-N,UWZVEBZJTPVGJM
CHEMBL3503541,COCCN1CCc2cc(C(=O)NCC3CC3)c(NC(C)C)nc2CC1.O=C(O)C(F)(F)F.O=C(O)C(F)(F)F,1,ZGXVJEIFUPJIMC-UHFFFAOYSA-N,ZGXVJEIFUPJIMC
CHEMBL3484288,OCC1(CCOc2ccccc2)CCCN(c2ccc(Cl)cn2)C1,1,LKAKRZWGQTYBLU-UHFFFAOYSA-N,LKAKRZWGQTYBLU
166633346,C1CCN(CC1)CC2=C(C=CC3=C2C(=C(O3)C4=NC=C(C=C4)O)C(=O)N5CCC5)O,1,NHCQGSHLLJLEHP-UHFFFAOYSA-N,NHCQGSHLLJLEHP
CHEMBL5082225,O=C(c1c(-c2ccc(O)cc2)oc2ccc(O)c(CN3CCC4(COC4)C3)c12)N1CCC1,1,CDRXJWLYNKIDKO-UHFFFAOYSA-N,CDRXJWLYNKIDKO
CHEMBL3470829,Cn1cnc(-c2nc(C(=O)NC3CC3)c3ccccn23)c1,1,FFDUJHCFVUYWQJ-UHFFFAOYSA-N,FFDUJHCFVUYWQJ
CHEMBL3439807,O=C(Nc1nc2c(s1)CN(S(=O)(=O)C1CC1)CC2)c1cccc(Cl)c1,1,KAQAGPXEQGABPF-UHFFFAOYSA-N,KAQAGPXEQGABPF
53600397,CCC1=NN2CC(CCC2=N1)NCC3=NC=C(O3)C4=CC=CC=C4,0,IFSYYVCKXMQKMY-UHFFFAOYSA-N,IFSYYVCKXMQKMY
27234713,C1CCN(CC1)C2=C(C3=NON=C3C=C2)S(=O)(=O)N4CCCCC4,1,SDUBNJMWHKEUKG-UHFFFAOYSA-N,SDUBNJMWHKEUKG
CHEMBL5437285,COc1ccc(-c2noc(C(=O)NCCc3ccc(C(=O)N4CC(OC)C4)cc3)n2)cc1OCC1CC1,1,BSQAXYGSJWICGL-UHFFFAOYSA-N,BSQAXYGSJWICGL
CHEMBL3456569,CC(C)(C)OCCN1CCCC1c1nc(Cc2ccc(F)cc2)no1,0,BMYWMSFTSYGKKE-UHFFFAOYSA-N,BMYWMSFTSYGKKE
CHEMBL3478546,CC1(C(=O)NCc2cccnc2Oc2ccc(F)c(F)c2)CCCNC1,0,AXNULZGBBVPGTM-UHFFFAOYSA-N,AXNULZGBBVPGTM
71823775,CC1CCN(CC1)S(=O)(=O)C2=CC=CN(C2=O)CC(=O)OC,0,YZKYXJFIRZBKMU-UHFFFAOYSA-N,YZKYXJFIRZBKMU
CHEMBL5086050,CNC(=O)c1c(-c2ccc(O)cc2)oc2ccc(O)c(CN3CC4(CCO4)C3)c12,1,DAUGYFDHQHXEIE-UHFFFAOYSA-N,DAUGYFDHQHXEIE
CHEMBL3500255,COc1cccc(CN2CCC3(COCc4cnc(N(C)C)nc43)C2)c1.O=C(O)C(F)(F)F,0,XLSVAJZSGLZGFA-UHFFFAOYSA-N,XLSVAJZSGLZGFA
CHEMBL5413430,COc1ccc(-c2noc(C(=O)NC(CO)Cc3ccccc3)n2)cc1OC,1,SZZZYXXVVATDAA-UHFFFAOYSA-N,SZZZYXXVVATDAA
CHEMBL5421977,COc1ccc(-c2noc(C(=O)NCCc3ccc(C(=O)O)cc3)n2)cc1OC,1,XNARFQXFWPCRPI-UHFFFAOYSA-N,XNARFQXFWPCRPI
172463514,COC1=C(C=C(C=C1)C2=NOC(=N2)C(=O)NC(CC3=CC=CC=C3)C#N)OC,1,UMWPQJFHTKHOPI-UHFFFAOYSA-N,UMWPQJFHTKHOPI
97520544,CC(C)NC1=C(C=C2CCN(CCC2=N1)C(=O)NC)C(=O)NCC3CC3,1,XFJDXYBRWPOJCL-UHFFFAOYSA-N,XFJDXYBRWPOJCL
CHEMBL3472913,CC(=O)c1ccc(N2CCCC(CO)(CCc3ccccc3)C2)nc1,1,TZRCCDRVDJVKEJ-UHFFFAOYSA-N,TZRCCDRVDJVKEJ
1508951,COC1=C(C=C(C=C1)C2=NOC(=N2)C(=O)NCCC3=CC=CC=C3)OC,1,JLQWJEPJTJZKBD-UHFFFAOYSA-N,JLQWJEPJTJZKBD
CHEMBL3439757,CCc1ccc(S(=O)(=O)NCC2CCN(c3cnccn3)CC2)s1,1,SARKNNRIOLEIKI-UHFFFAOYSA-N,SARKNNRIOLEIKI
CHEMBL3466744,Cc1nc(-c2ccc(Cl)s2)sc1C(=O)N(C)CC(N)=O,1,GJVPLVOZWMCBAH-UHFFFAOYSA-N,GJVPLVOZWMCBAH
118740524,CS(=O)(=O)C1=CC=C(C=C1)C2=C3C=CC=CN3C(=N2)C(=O)N4CCCC4,1,IMYKVKQKLWTHKT-UHFFFAOYSA-N,IMYKVKQKLWTHKT
CHEMBL3474639,C[C@H](NC(=O)c1cccc(CCC(C)(C)O)c1)C(N)=O,0,DNAHYJNXXDURTA-JTQLQIEISA-N,DNAHYJNXXDURTA
CHEMBL5414769,COc1cc(-c2noc(C(=O)NCCc3ccc(C(=O)N4CCC4)cc3)n2)ccc1F,1,UYPHQISDLHEWLI-UHFFFAOYSA-N,UYPHQISDLHEWLI
CHEMBL5437878,COc1ccc(-c2noc(C(=O)NCCc3cccnc3)n2)cc1OC,1,COAXXBOBUVTXEP-UHFFFAOYSA-N,COAXXBOBUVTXEP
75377358,CC1=C(C=CC(=C1)NC2CCN(C2=O)CC(F)(F)F)C(=O)OC,0,RTMTXGMDODFCEX-UHFFFAOYSA-N,RTMTXGMDODFCEX
72864335,CN1C2=CC=CC=C2N=C1CN3C(=O)C=C(C=N3)N4CCCCC4,0,WWWXHNAXSONGMP-UHFFFAOYSA-N,WWWXHNAXSONGMP
CHEMBL3494572,Cc1nc(-c2ccc(Cl)s2)sc1C(=O)NCCS(N)(=O)=O,1,RJSBOIAIAJUESB-UHFFFAOYSA-N,RJSBOIAIAJUESB
CHEMBL3446345,O=C1CC(c2ccc(F)c(F)c2)c2snc(C(=O)O)c2N1,0,JQVMSLKAANKAEC-UHFFFAOYSA-N,JQVMSLKAANKAEC
CHEMBL5431595,O=C(NCCc1ccc(O)c(O)c1)c1nc(-c2ccc(O)c(O)c2)no1,1,WTXMMQKENBTBBK-UHFFFAOYSA-N,WTXMMQKENBTBBK
CHEMBL3500218,CC(C)Nc1nc2c(cc1C(=O)NCC1CC1)CCN(S(C)(=O)=O)CC2.O=C(O)C(F)(F)F,1,SLKRJHGDDXNNJF-UHFFFAOYSA-N,SLKRJHGDDXNNJF
71882873,CC1=CC(=C(C=C1)C)OC2CCN(CC2)C(=O)CNC3=CC=CC=C3Cl,1,VDTHHKVISFVWBD-UHFFFAOYSA-N,VDTHHKVISFVWBD
2129850,CCOC(=O)C1=C(OC2=C1C(=C(C=C2)O)CN3CCC(CC3)C)C4=CC=CC=C4,1,YDARBKORYFGQMH-UHFFFAOYSA-N,YDARBKORYFGQMH
CHEMBL3500453,CC(C)(CO)CNC(=O)c1cc(-c2cc[nH]n2)n2ccccc12.O=C(O)C(F)(F)F,1,IOLFSHKJZHFWDS-UHFFFAOYSA-N,IOLFSHKJZHFWDS
CHEMBL3496335,COc1cc(/C=C/c2ncc(C(=O)O)s2)cc(Cl)c1O,1,QYPZONZKOAIEDU-NSCUHMNNSA-N,QYPZONZKOAIEDU
CHEMBL3466932,NC(=O)N1CCCN(CCc2nc(-c3cccc(Cl)c3)no2)CC1,0,GEVNSUNQFCQIOT-UHFFFAOYSA-N,GEVNSUNQFCQIOT
CHEMBL3487052,NC(=O)CSc1nccc(-c2ccc3c(c2)OCO3)n1,1,IDKMKXFVUKLZNC-UHFFFAOYSA-N,IDKMKXFVUKLZNC
CHEMBL3478721,CCOc1ccc2nc(CN3CCOC(CN)C3)ccc2c1,0,FKKQAJCPGMEFFY-UHFFFAOYSA-N,FKKQAJCPGMEFFY
166632720,CNC(=O)C1=C(OC2=C1C(=C(C=C2)O)CN3CC4(C3)CCOC4)C5=CC=C(C=C5)O,1,JVDPZEJKBMPJAN-UHFFFAOYSA-N,JVDPZEJKBMPJAN
CHEMBL5094563,CC(=O)c1c(-c2cc(C)c(O)cn2)oc2ccc(O)c(CN3CCC3)c12,1,NMTFMYUEGVUKHR-UHFFFAOYSA-N,NMTFMYUEGVUKHR
CHEMBL5084615,CNC(=O)c1c(-c2ccc(O)cn2)oc2ccc(O)c(CN3CCCC3)c12,1,YSFBPXVQYPPRBW-UHFFFAOYSA-N,YSFBPXVQYPPRBW
118743753,C1COCCC1CN2C3=C(CCN(CC3)CC4=COC=C4)C=CC2=O.C(=O)(C(F)(F)F)O,0,OYTHGMSSPPWSTO-UHFFFAOYSA-N,OYTHGMSSPPWSTO
51117362,CC1=C(SC(=C1)S(=O)(=O)NC2=CC(=CC=C2)N3C=CC=C3)C(=O)O,1,UUHOGFPMJRMPPE-UHFFFAOYSA-N,UUHOGFPMJRMPPE
CHEMBL3476595,CC(C)c1nc(CN2CCc3onc(-c4cccc(F)c4)c3C2)no1,0,SYGFCYNDZZQEBV-UHFFFAOYSA-N,SYGFCYNDZZQEBV
CHEMBL3475190,O=C1[C@H]2CC[C@H](CN(c3ncnc4ccsc34)C2)N1CC1CC1,0,OEDQXPMNGPPSQS-QWHCGFSZSA-N,OEDQXPMNGPPSQS
CHEMBL3501625,CCOC1CC2(CCN(C(=O)Cc3ccccn3)CC2)C1.O=C(O)C(F)(F)F,0,JCTUVTFCYLOGJC-UHFFFAOYSA-N,JCTUVTFCYLOGJC
172454127,C[C@@H](CNC(=O)C1=NC(=NO1)C2=CC(=C(C=C2)OC)OC)C3=CC=CC=C3,1,RQRWHASNFCYMNY-ZDUSSCGKSA-N,RQRWHASNFCYMNY
CHEMBL3445433,Cc1cccc(-n2nnnc2C(C)(C)Nc2ccccc2C)c1,1,REVHSOLBINARQO-UHFFFAOYSA-N,REVHSOLBINARQO
CHEMBL3478109,COc1cnc(N2CCN(C)CC2)nc1-c1ccnn1C,1,DTDIAMMWIOPKRX-UHFFFAOYSA-N,DTDIAMMWIOPKRX
92598981,CC1=C(SN=N1)C(=O)N2CC[C@@H]([C@@H]3[C@H]2CCCCN3C)C4=CC=CC=C4,0,OBPJNVSXYBVTDW-KZNAEPCWSA-N,OBPJNVSXYBVTDW
CHEMBL3485493,CCCOC(C)Cn1ccc2[nH]c(=O)c(C#N)cc2c1=O,1,KLDYZDIHYYFRLI-UHFFFAOYSA-N,KLDYZDIHYYFRLI
172443666,COC1=C(C=C(C=C1)C2=NOC(=N2)C(=O)NCCC3=CC=C(C=C3)C(=O)N4CC5(C4)COC5)OC,1,KVEZNVONDJRLBH-UHFFFAOYSA-N,KVEZNVONDJRLBH
CHEMBL3496713,Cn1ccc(C(=O)NCc2cccc(NC(=O)C3CCC3)c2)cc1=O,0,DYFMEJCRWWRKMP-UHFFFAOYSA-N,DYFMEJCRWWRKMP
CHEMBL3472104,Cc1cn2c(=O)c(-c3ccnc(N4CCC[C@@H]4CO)n3)cnc2s1,0,COEVDXBHCOGIOG-LLVKDONJSA-N,COEVDXBHCOGIOG
CHEMBL3448130,Cc1n[nH]c(C)c1CCC(=O)NCC1(O)CCN(c2ccccn2)C1,0,GRXJKUXORBSWDN-UHFFFAOYSA-N,GRXJKUXORBSWDN
166633937,CNC(=O)C1=C(OC2=C1C(=C(C=C2)O)CN3CCC4(C3)COC4)C5=C(C=C(C=C5F)O)F,1,PQWDJWTUJJKKCA-UHFFFAOYSA-N,PQWDJWTUJJKKCA
CHEMBL3472079,CC[C@H](C)[C@H](N)C(=O)Nc1nc(-c2cnc(N(C)C)nc2)cs1,0,MCYDUKUIHKLXKE-CABZTGNLSA-N,MCYDUKUIHKLXKE
53624091,CC1=NC(=CC=C1)NC(=O)C2=NNC(=C2Br)C(C)C,0,KFOFTNDCGXEAHF-UHFFFAOYSA-N,KFOFTNDCGXEAHF
CHEMBL3481876,Cc1nn(C)cc1-c1ccnc(N(C)Cc2ccoc2)n1,0,QIOACHXSWYDBSP-UHFFFAOYSA-N,QIOACHXSWYDBSP
CHEMBL5412708,COc1ccc(-c2noc(C(=O)NCCc3ccc(C(=O)N4CC(OC)C4)cc3)n2)cc1OC1CCC1,1,HDYAMPBSQVFSKV-UHFFFAOYSA-N,HDYAMPBSQVFSKV
CHEMBL5069909,CNC(=O)c1c(-c2ccc(CO)cc2)oc2ccc(O)c(CN3CCC4(COC4)C3)c12,1,UEFXTPDUJHFJTE-UHFFFAOYSA-N,UEFXTPDUJHFJTE
172453878,COC1=C(C=C(C=C1)C2=NNC(=N2)C(=O)NCCC3=CC=C(C=C3)C(=O)N4CCC4)OC,1,VLWCRDPWAOGYCX-UHFFFAOYSA-N,VLWCRDPWAOGYCX
39843439,C1=CC(=CC(=C1)OCC(F)(F)F)NS(=O)(=O)C2=CC(=CS2)C(=O)O,1,CKCSAGCFOJBZLM-UHFFFAOYSA-N,CKCSAGCFOJBZLM
CHEMBL5402689,COc1ccc(-c2noc(C(=O)NCCc3ccc(C(=O)N(C)C)cc3)n2)cc1OC,1,ASOKCJTUFSVGAL-UHFFFAOYSA-N,ASOKCJTUFSVGAL
CHEMBL3438932,CN(C)S(=O)(=O)c1ccc(-c2nc(C#N)c(NC3CC3)o2)o1,1,MUDQBQWMHHISPS-UHFFFAOYSA-N,MUDQBQWMHHISPS
45829923,C1CN(CCC1CO)C(=O)NCC2=CC3=C(C=C2)OCCO3,0,GFSGBQUFBNDUER-UHFFFAOYSA-N,GFSGBQUFBNDUER
CHEMBL3460282,N#Cc1ccc(C(=O)O)nc1/C=C/c1cccc(Cl)c1,0,YHZCKUDZLMJERT-GQCTYLIASA-N,YHZCKUDZLMJERT
CHEMBL3499363,O=C(O)C(F)(F)F.O=C(c1ccco1)N1CCO[C@@H]2CN(c3ccccn3)CC[C@@H]2C1,0,NGJBKSIUMHOLEF-VNYZMKMESA-N,NGJBKSIUMHOLEF
168272637,C1CN(CCC1F)CC2=C(C=CC3=C2C4=C(O3)C5=C(C=C(C=C5)O)OC4=O)O,1,LGQUGSNVIXYSKO-UHFFFAOYSA-N,LGQUGSNVIXYSKO
44615756,C1OC2=C(O1)C=C(C=C2)C3=NC(=NC=C3)SCC(=O)O,1,YIMXKGNILPFLGQ-UHFFFAOYSA-N,YIMXKGNILPFLGQ
CHEMBL3482363,Cc1cnc2c(C(=O)N3CCCC(OCc4ccccn4)C3)cnn2c1,0,XKKYSCXDDSOJQE-UHFFFAOYSA-N,XKKYSCXDDSOJQE
CHEMBL3481280,N#Cc1cccc(N2CCC(CO)(CCOc3ccccc3)CC2)n1,1,DNSLPGZXEXXGGG-UHFFFAOYSA-N,DNSLPGZXEXXGGG
CHEMBL3479273,Cc1ccc(-c2cc(C(=O)NCCCc3csc(N)n3)[nH]n2)s1,1,POEOQTUIHSMHNN-UHFFFAOYSA-N,POEOQTUIHSMHNN
28446684,CC1=C(C=CC(=C1)NCC2=CC(=CC=C2)C#N)Br,1,WICNULHIESKAKH-UHFFFAOYSA-N,WICNULHIESKAKH
CHEMBL3474103,CCNc1ncc(C(=O)N2CCc3c(nc(C)nc3N(C)C)C2)cn1,0,KFFKJJAAGMYDJU-UHFFFAOYSA-N,KFFKJJAAGMYDJU
CHEMBL5437592,O=C(NCCc1ccc(C(=O)N2CCC2)cc1)c1nc(-c2ccc3nc[nH]c3c2)no1,1,VOZJXLJHKTUVPI-UHFFFAOYSA-N,VOZJXLJHKTUVPI
72877031,CC1=NC(=NN1)SCC(=O)N2C[C@H]3CC[C@@H]2CN(C3)C4=NC=CC=N4,0,AOWYKPBCQIPWOC-QWHCGFSZSA-N,AOWYKPBCQIPWOC
CHEMBL3465591,NC(=O)CCSc1ccccc1NCc1ccc(Cl)s1,1,YAQXRZQRNYVKIR-UHFFFAOYSA-N,YAQXRZQRNYVKIR
CHEMBL3476078,CCn1cc(-c2cc(-c3cc(CN(C)C)cs3)nc(N)c2C#N)c(C)n1,1,PWRYPXJEFXDTOE-UHFFFAOYSA-N,PWRYPXJEFXDTOE
CHEMBL5084676,CNC(=O)c1c(-c2cccc(O)c2)oc2ccc(O)c(CN3CCC4(COC4)C3)c12,1,HFIAZGUOIGBSNX-UHFFFAOYSA-N,HFIAZGUOIGBSNX
CHEMBL3445494,O=C1CNc2ncnc(N3CCN(Cc4ccccc4F)CC3)c2N1,0,KERQIEVMLHLEKB-UHFFFAOYSA-N,KERQIEVMLHLEKB
CHEMBL3502967,CNC(=O)c1cc2c(nc1NCC(C)C)CCN(CC1CC1)CC2.O=C(O)C(F)(F)F.O=C(O)C(F)(F)F,1,WPCULFUXODYAIF-UHFFFAOYSA-N,WPCULFUXODYAIF
50949174,C1CNCC2=C1C3=C(N=CN=C3S2)N4CCOC5=CC=CC=C5C4,0,NATXWAFKQVAUSU-UHFFFAOYSA-N,NATXWAFKQVAUSU
CHEMBL3468881,COc1ccc(C2CCCN2C(=O)c2cc3c([nH]c2=O)CCC3)cc1,1,ZQOMPZLOHAHFFR-UHFFFAOYSA-N,ZQOMPZLOHAHFFR
70772673,CCN1CC(CCC1=O)C(=O)N2CCN(CC2)C3=NSC4=CC=CC=C43,1,XVOFSEJEHYAGJU-UHFFFAOYSA-N,XVOFSEJEHYAGJU
CHEMBL3466690,CNS(=O)(=O)c1csc(C(=O)N(C)Cc2ccccc2C)c1,0,RXIJDTMXEZHJNN-UHFFFAOYSA-N,RXIJDTMXEZHJNN
CHEMBL3458645,Cc1cc(C)n(-c2cncc(NCCC(=O)NC(C)C)n2)n1,1,YVPKFHCJLZTGGG-UHFFFAOYSA-N,YVPKFHCJLZTGGG
CHEMBL3447463,Cc1cc(C)n(-c2nc(C(=O)NCCN3CCC(C)CC3)cs2)n1,0,GQWSXSHZFHAAJL-UHFFFAOYSA-N,GQWSXSHZFHAAJL
CHEMBL3449923,Cc1ccc(CN2CCCC(c3nn(C)c4nccnc34)C2)s1,0,WFTVKSRXOOPFRK-UHFFFAOYSA-N,WFTVKSRXOOPFRK
CHEMBL3498986,CCc1cnc(N2CC[C@H]3[C@@H]2CCC(=O)N3CC2CCOCC2)nc1.O=C(O)C(F)(F)F,0,OBLCTAOMHKFUIT-QJHJCNPRSA-N,OBLCTAOMHKFUIT
56873851,CCC1=C(C2=CC(=CC(=C2N1)CNC3=NC(=CC(=N3)NC)C)C)C,0,BEGDNMBWSOZLQX-UHFFFAOYSA-N,BEGDNMBWSOZLQX
CHEMBL3465143,Cc1cccc(COc2ccc(NC(=O)C(C)NC(N)=O)c(C)c2)c1,0,RKRJAQUAOJWHJP-UHFFFAOYSA-N,RKRJAQUAOJWHJP
75373999,CCC1=NOC(=N1)CN2C(=O)C3=C(C=C(N=C3N2C)C)C(F)(F)F,1,RLMBMNDNDGWVQK-UHFFFAOYSA-N,RLMBMNDNDGWVQK
51137207,C1CN(C[C@H]1C2=NN=C(O2)C3=CC=CC=C3)CCCC4=CC=CC=C4,0,IYNNDDMHNSLUNS-IBGZPJMESA-N,IYNNDDMHNSLUNS
CHEMBL3469617,CN(Cc1ccc(N2CCCCC2)cc1)Cc1noc(C(C)(C)C)n1,0,PRLRYOFISQOENB-UHFFFAOYSA-N,PRLRYOFISQOENB
72116336,CC1=C(SC(=N1)CNC(=O)N2CCN(CC2)C3=NC=C(C=C3)Cl)C,1,ZFBOZQLULXPUOM-UHFFFAOYSA-N,ZFBOZQLULXPUOM
75442902,CC(C)N1CC2=C(C1)C(=CC=C2)NCC(=O)N(C)C3CCCCC3,0,UECOCBFOJYJYLD-UHFFFAOYSA-N,UECOCBFOJYJYLD
CHEMBL3480421,O=C(O)[C@]12CCCN(Cc3ccccn3)[C@@H]1CCN(c1cnccn1)C2,0,UCAAXQJSHQIEDJ-APWZRJJASA-N,UCAAXQJSHQIEDJ
CHEMBL3461828,CC(C)(C)c1nc(CN(CCC2CCCCC2)CC(N)=O)no1,0,QONKPMMDQLTJOY-UHFFFAOYSA-N,QONKPMMDQLTJOY
CHEMBL3444474,Cc1cnc(N2CCC3(CCN(CC4CC4)C3=O)CC2)nc1,0,YCIPNVPHNIAAMD-UHFFFAOYSA-N,YCIPNVPHNIAAMD
72139101,CC(C1=NC(=CS1)C2=CC=CC=C2)NC(=O)NCC(C)(C)C(=O)N,0,XBCNRIKZBVDLKV-UHFFFAOYSA-N,XBCNRIKZBVDLKV
CHEMBL3490958,O=C(c1cnc2c(cnn2C2CCCC2)c1)N1CCN(CCO)CC1,0,YUNUIMHYXOONIE-UHFFFAOYSA-N,YUNUIMHYXOONIE
CHEMBL3448416,Nc1nccnc1CC1CCCN(Cc2ccnc3ccccc23)C1,0,ROOYPVXHZFVUCR-UHFFFAOYSA-N,ROOYPVXHZFVUCR
CHEMBL3442631,CNC(=O)c1cc2c(nc1NC(C)C)CCNCC2,1,FZQTWVYRMJMBGG-UHFFFAOYSA-N,FZQTWVYRMJMBGG
162664993,C1CCN(CC1)CC2=C(C=CC3=C2C(=O)C=C(O3)C4=CC=C(C=C4)O)O,1,SUUJNJFIRDSZMB-UHFFFAOYSA-N,SUUJNJFIRDSZMB
CHEMBL3463694,CC(Nc1cnn(C)c(=O)c1Cl)c1ccc(F)c(F)c1,0,MCHOAOJWYUIOFD-UHFFFAOYSA-N,MCHOAOJWYUIOFD
166635961,CNC(=O)C1=C(OC2=C1C(=C(C=C2)O)CN3CCC4(C3)COC4)C5=CC=CC=C5,1,UFGLFPFNIWUDIW-UHFFFAOYSA-N,UFGLFPFNIWUDIW
CHEMBL5440472,O=C(NCCc1ccc(C(=O)N2CCC2)cc1)c1nc(-c2ccc3ccoc3c2)no1,1,TZRYGSJPFAUJBO-UHFFFAOYSA-N,TZRYGSJPFAUJBO
CHEMBL3452764,Cc1csc(CNc2cnc3c(c2)c(C)nn3C)n1,1,IDTYZEZKQRMHRD-UHFFFAOYSA-N,IDTYZEZKQRMHRD
CHEMBL3436814,Cn1cncc1-c1nnc([C@H]2CCN(Cc3ncc[nH]3)C2)o1,0,BBYLXKMGIXPECX-JTQLQIEISA-N,BBYLXKMGIXPECX
110270874,CC1=CC(=NC=N1)N2CCCC2C3=CN=CC(=N3)NC,1,UISDDGMZLAZDBR-UHFFFAOYSA-N,UISDDGMZLAZDBR
168293372,C1CCC(C1)N2CC3=C(C=CC4=C3C5=C(O4)C6=C(C=C(C=C6)O)OC5=O)OC2,1,QCLAVDQVXLANOP-UHFFFAOYSA-N,QCLAVDQVXLANOP
CHEMBL3472043,Cc1csc2ncc(-c3ccnc(N4CCCC4)n3)c(=O)n12,0,PTNMPXKRRBPUQZ-UHFFFAOYSA-N,PTNMPXKRRBPUQZ
CHEMBL5080864,O=C(c1c(-c2ccc(O)cn2)oc2ccc(O)c(CN3CCCCC3)c12)N1CC(F)C1,1,WUITZJPUOATDLE-UHFFFAOYSA-N,WUITZJPUOATDLE
CHEMBL3437973,CC(=O)N1N=C(c2ccco2)OC1C(=O)NCC(C)C,0,GINXEZMIGSOOCU-UHFFFAOYSA-N,GINXEZMIGSOOCU
6472492,COC1=C(C=C(C=C1)CCNC(=O)C2=NC(=NO2)C3=CC=CC=C3)OC,1,QPEVJBVNTYFNJC-UHFFFAOYSA-N,QPEVJBVNTYFNJC
CHEMBL3485022,COc1ccc2c(C(=O)N(C)C)cc(-c3cnc(N)nc3)nc2c1,1,KPRBLKLUFHAFQM-UHFFFAOYSA-N,KPRBLKLUFHAFQM
CHEMBL3470848,Cn1cnc(-c2nc(C(=O)NCCN3CCOCC3)c3ccccn23)c1,1,SEHHXPUDHHNWQP-UHFFFAOYSA-N,SEHHXPUDHHNWQP
CHEMBL3504829,CCN(CC)C(=O)c1cc(C2CCCN2C)ccn1.O=CO,0,UWYUNWLEIDBOCM-UHFFFAOYSA-N,UWYUNWLEIDBOCM
166629076,C1CCN(C1)CC2=C(C=CC3=C2C(=C(O3)C4=NC=C(C=C4)O)C(=O)N5CCC5)O,1,ZDVPJLHLIOJWRK-UHFFFAOYSA-N,ZDVPJLHLIOJWRK
118739514,C1CC2(CN(CCOC2)C3=CC=CC=N3)CN(C1)C4=NC=CS4,0,ZTQLGDMCIOOBTQ-UHFFFAOYSA-N,ZTQLGDMCIOOBTQ
CHEMBL3459649,Cc1ccc(CNC(=O)C2CCCCN2C(=O)OC(C)(C)C)cn1,0,QQVPQIDJDZRMQW-UHFFFAOYSA-N,QQVPQIDJDZRMQW
CHEMBL3495933,Cc1ncc2c(n1)CN(CCCc1nc3ccccc3o1)CC2,0,SRPGITSIWITMRJ-UHFFFAOYSA-N,SRPGITSIWITMRJ
CHEMBL5409895,COc1ccc(CNC(=O)c2nc(-c3ccc(OC)c(OC)c3)no2)cc1OC,1,UYIIYBUDDBGQTP-UHFFFAOYSA-N,UYIIYBUDDBGQTP
CHEMBL3500590,CNC(=O)c1cc2c(nc1NCC1CC1)CCN(S(C)(=O)=O)CC2.O=C(O)C(F)(F)F,1,YUXIIMSLOZSCFG-UHFFFAOYSA-N,YUXIIMSLOZSCFG
CHEMBL3496530,CC(O)CN1CCC(CNCc2cccc(C(N)=O)c2)CC1,0,VQAJFXFQSRZVCV-UHFFFAOYSA-N,VQAJFXFQSRZVCV
